,Date,Région,Total énergie soutirée (Wh)
0,2022-04-01,Centre-Val de Loire,30265.679008
1,2022-04-01,Hauts-de-France,54847.441743
2,2022-04-02,Centre-Val de Loire,32306.580289
3,2022-04-02,Hauts-de-France,58278.870062
4,2022-04-03,Centre-Val de Loire,32074.36043
5,2022-04-03,Hauts-de-France,57903.329825
6,2022-04-04,Centre-Val de Loire,30445.11287
7,2022-04-04,Hauts-de-France,55265.436527
8,2022-04-05,Centre-Val de Loire,27201.091772
9,2022-04-05,Hauts-de-France,49762.678891
10,2022-04-06,Centre-Val de Loire,25592.111457
11,2022-04-06,Hauts-de-France,47130.099537
12,2022-04-07,Centre-Val de Loire,24289.648419
13,2022-04-07,Hauts-de-France,44902.86264
14,2022-04-08,Centre-Val de Loire,24619.045325
15,2022-04-08,Hauts-de-France,45619.544553
16,2022-04-09,Centre-Val de Loire,25754.610682
17,2022-04-09,Hauts-de-France,47552.590289
18,2022-04-10,Centre-Val de Loire,25113.662634
19,2022-04-10,Hauts-de-France,46364.882647
20,2022-04-11,Centre-Val de Loire,22476.943718
21,2022-04-11,Hauts-de-France,41888.174266
22,2022-04-12,Centre-Val de Loire,20162.565951
23,2022-04-12,Hauts-de-France,37970.489629
24,2022-04-13,Centre-Val de Loire,19578.681689
25,2022-04-13,Hauts-de-France,37007.283544
26,2022-04-14,Centre-Val de Loire,18293.284455
27,2022-04-14,Hauts-de-France,34761.946222
28,2022-04-15,Centre-Val de Loire,17268.472009
29,2022-04-15,Hauts-de-France,33061.440159
30,2022-04-16,Centre-Val de Loire,16784.501825
31,2022-04-16,Hauts-de-France,32228.286906
32,2022-04-17,Centre-Val de Loire,16566.951817
33,2022-04-17,Hauts-de-France,31736.418478
34,2022-04-18,Centre-Val de Loire,16793.780319
35,2022-04-18,Hauts-de-France,32231.448204
36,2022-04-19,Centre-Val de Loire,17579.061718
37,2022-04-19,Hauts-de-France,33736.324646
38,2022-04-20,Centre-Val de Loire,18187.423061
39,2022-04-20,Hauts-de-France,34860.329249
40,2022-04-21,Centre-Val de Loire,17955.220422
41,2022-04-21,Hauts-de-France,34475.540801
42,2022-04-22,Centre-Val de Loire,17418.745873
43,2022-04-22,Hauts-de-France,33567.523071
44,2022-04-23,Centre-Val de Loire,17978.954855
45,2022-04-23,Hauts-de-France,34674.057339
46,2022-04-24,Centre-Val de Loire,18389.785953
47,2022-04-24,Hauts-de-France,35436.636887
48,2022-04-25,Centre-Val de Loire,18128.989693
49,2022-04-25,Hauts-de-France,35000.940732
50,2022-04-26,Centre-Val de Loire,17870.073887
51,2022-04-26,Hauts-de-France,34533.280758
52,2022-04-27,Centre-Val de Loire,17535.103466
53,2022-04-27,Hauts-de-France,34033.782404
54,2022-04-28,Centre-Val de Loire,16933.157949
55,2022-04-28,Hauts-de-France,32999.244335
56,2022-04-29,Centre-Val de Loire,16607.461227
57,2022-04-29,Hauts-de-France,32432.46785
58,2022-04-30,Centre-Val de Loire,16792.916955
59,2022-04-30,Hauts-de-France,32801.528032
60,2022-05-01,Centre-Val de Loire,16898.937885
61,2022-05-01,Hauts-de-France,33032.871576
62,2022-05-02,Centre-Val de Loire,16474.403142
63,2022-05-02,Hauts-de-France,32235.957935
64,2022-05-03,Centre-Val de Loire,16080.018331
65,2022-05-03,Hauts-de-France,31556.453272
66,2022-05-04,Centre-Val de Loire,16211.201541
67,2022-05-04,Hauts-de-France,31880.987506
68,2022-05-05,Centre-Val de Loire,16120.103865
69,2022-05-05,Hauts-de-France,31700.646995
70,2022-05-06,Centre-Val de Loire,15985.294767
71,2022-05-06,Hauts-de-France,31491.307271
72,2022-05-07,Centre-Val de Loire,15622.688755
73,2022-05-07,Hauts-de-France,30891.97917
74,2022-05-08,Centre-Val de Loire,15355.922968
75,2022-05-08,Hauts-de-France,30435.37361
76,2022-05-09,Centre-Val de Loire,14875.194994
77,2022-05-09,Hauts-de-France,29561.106947
78,2022-05-10,Centre-Val de Loire,14436.772001
79,2022-05-10,Hauts-de-France,28768.237738
80,2022-05-11,Centre-Val de Loire,14479.577769
81,2022-05-11,Hauts-de-France,28887.442485
82,2022-05-12,Centre-Val de Loire,14353.399895
83,2022-05-12,Hauts-de-France,28655.560646
84,2022-05-13,Centre-Val de Loire,14400.905746
85,2022-05-13,Hauts-de-France,28759.506752
86,2022-05-14,Centre-Val de Loire,14494.655471
87,2022-05-14,Hauts-de-France,28956.150139
88,2022-05-15,Centre-Val de Loire,14259.5118
89,2022-05-15,Hauts-de-France,28578.13106
90,2022-05-16,Centre-Val de Loire,14080.316691
91,2022-05-16,Hauts-de-France,28255.021473
92,2022-05-17,Centre-Val de Loire,14041.555213
93,2022-05-17,Hauts-de-France,28180.648721
94,2022-05-18,Centre-Val de Loire,14281.45885
95,2022-05-18,Hauts-de-France,28733.832705
96,2022-05-19,Centre-Val de Loire,14120.268793
97,2022-05-19,Hauts-de-France,28407.983479
98,2022-05-20,Centre-Val de Loire,14209.174424
99,2022-05-20,Hauts-de-France,28574.370181
100,2022-05-21,Centre-Val de Loire,14196.800462
101,2022-05-21,Hauts-de-France,28571.123581
102,2022-05-22,Centre-Val de Loire,14185.535688
103,2022-05-22,Hauts-de-France,28573.757855
104,2022-05-23,Centre-Val de Loire,14112.503755
105,2022-05-23,Hauts-de-France,28409.309351
106,2022-05-24,Centre-Val de Loire,14101.876709
107,2022-05-24,Hauts-de-France,28364.072739
108,2022-05-25,Centre-Val de Loire,14324.899528
109,2022-05-25,Hauts-de-France,28749.510485
110,2022-05-26,Centre-Val de Loire,14111.335193
111,2022-05-26,Hauts-de-France,28293.091548
112,2022-05-27,Centre-Val de Loire,14115.620023
113,2022-05-27,Hauts-de-France,28340.872311
114,2022-05-28,Centre-Val de Loire,14104.295465
115,2022-05-28,Hauts-de-France,28214.411877
116,2022-05-29,Centre-Val de Loire,14238.433538
117,2022-05-29,Hauts-de-France,28497.061294
118,2022-05-30,Centre-Val de Loire,14418.654642
119,2022-05-30,Hauts-de-France,28820.650264
120,2022-05-31,Centre-Val de Loire,14287.048641
121,2022-05-31,Hauts-de-France,28577.129874
122,2022-06-01,Centre-Val de Loire,14348.178532
123,2022-06-01,Hauts-de-France,28682.712995
124,2022-06-02,Centre-Val de Loire,14130.166158
125,2022-06-02,Hauts-de-France,28241.235059
126,2022-06-03,Centre-Val de Loire,14112.012718
127,2022-06-03,Hauts-de-France,28251.603906
128,2022-06-04,Centre-Val de Loire,14079.933963
129,2022-06-04,Hauts-de-France,28199.056937
130,2022-06-05,Centre-Val de Loire,13826.133298
131,2022-06-05,Hauts-de-France,27739.136549
132,2022-06-06,Centre-Val de Loire,14022.570527
133,2022-06-06,Hauts-de-France,28119.375087
134,2022-06-07,Centre-Val de Loire,13999.680964
135,2022-06-07,Hauts-de-France,28050.946293
136,2022-06-08,Centre-Val de Loire,14111.478704
137,2022-06-08,Hauts-de-France,28282.590044
138,2022-06-09,Centre-Val de Loire,13957.662048
139,2022-06-09,Hauts-de-France,27919.903627
140,2022-06-10,Centre-Val de Loire,13993.927706
141,2022-06-10,Hauts-de-France,27983.984474
142,2022-06-11,Centre-Val de Loire,14038.285364
143,2022-06-11,Hauts-de-France,28097.205838
144,2022-06-12,Centre-Val de Loire,13985.736614
145,2022-06-12,Hauts-de-France,28034.191497
146,2022-06-13,Centre-Val de Loire,14109.257355
147,2022-06-13,Hauts-de-France,28267.809322
148,2022-06-14,Centre-Val de Loire,14167.0991
149,2022-06-14,Hauts-de-France,28365.355928
150,2022-06-15,Centre-Val de Loire,14481.529597
151,2022-06-15,Hauts-de-France,29025.050945
152,2022-06-16,Centre-Val de Loire,14578.319549
153,2022-06-16,Hauts-de-France,29218.051255
154,2022-06-17,Centre-Val de Loire,14959.792838
155,2022-06-17,Hauts-de-France,29981.322982
156,2022-06-18,Centre-Val de Loire,15110.580701
157,2022-06-18,Hauts-de-France,30320.562271
158,2022-06-19,Centre-Val de Loire,14724.856428
159,2022-06-19,Hauts-de-France,29571.620785
160,2022-06-20,Centre-Val de Loire,14440.276267
161,2022-06-20,Hauts-de-France,29001.741618
162,2022-06-21,Centre-Val de Loire,14191.174414
163,2022-06-21,Hauts-de-France,28488.036785
164,2022-06-22,Centre-Val de Loire,14226.074214
165,2022-06-22,Hauts-de-France,28569.600193
166,2022-06-23,Centre-Val de Loire,14050.01472
167,2022-06-23,Hauts-de-France,28198.609373
168,2022-06-24,Centre-Val de Loire,13958.177848
169,2022-06-24,Hauts-de-France,28014.026434
170,2022-06-25,Centre-Val de Loire,13971.816813
171,2022-06-25,Hauts-de-France,28016.883973
172,2022-06-26,Centre-Val de Loire,13999.309956
173,2022-06-26,Hauts-de-France,28073.030052
174,2022-06-27,Centre-Val de Loire,13987.203181
175,2022-06-27,Hauts-de-France,28031.049185
176,2022-06-28,Centre-Val de Loire,13883.264529
177,2022-06-28,Hauts-de-France,27792.912694
178,2022-06-29,Centre-Val de Loire,14041.520426
179,2022-06-29,Hauts-de-France,28140.019463
180,2022-06-30,Centre-Val de Loire,14108.786148
181,2022-06-30,Hauts-de-France,28254.882106
182,2022-07-01,Centre-Val de Loire,13807.584567
183,2022-07-01,Hauts-de-France,26767.005205
184,2022-07-02,Centre-Val de Loire,13818.367279
185,2022-07-02,Hauts-de-France,26769.188249
186,2022-07-03,Centre-Val de Loire,13715.558299
187,2022-07-03,Hauts-de-France,26609.182475
188,2022-07-04,Centre-Val de Loire,13883.816344
189,2022-07-04,Hauts-de-France,26858.540038
190,2022-07-05,Centre-Val de Loire,13941.178586
191,2022-07-05,Hauts-de-France,26932.597952
192,2022-07-06,Centre-Val de Loire,14020.801041
193,2022-07-06,Hauts-de-France,27058.431374
194,2022-07-07,Centre-Val de Loire,13948.846091
195,2022-07-07,Hauts-de-France,26860.822004
196,2022-07-08,Centre-Val de Loire,14014.081296
197,2022-07-08,Hauts-de-France,26943.816222
198,2022-07-09,Centre-Val de Loire,13944.033637
199,2022-07-09,Hauts-de-France,26794.986507
200,2022-07-10,Centre-Val de Loire,13753.215402
201,2022-07-10,Hauts-de-France,26400.710663
202,2022-07-11,Centre-Val de Loire,13983.69351
203,2022-07-11,Hauts-de-France,26823.689784
204,2022-07-12,Centre-Val de Loire,14232.78374
205,2022-07-12,Hauts-de-France,27287.475075
206,2022-07-13,Centre-Val de Loire,14332.854216
207,2022-07-13,Hauts-de-France,27478.831855
208,2022-07-14,Centre-Val de Loire,14097.645576
209,2022-07-14,Hauts-de-France,27035.611622
210,2022-07-15,Centre-Val de Loire,14176.711777
211,2022-07-15,Hauts-de-France,27156.73622
212,2022-07-16,Centre-Val de Loire,14027.220478
213,2022-07-16,Hauts-de-France,26798.539125
214,2022-07-17,Centre-Val de Loire,14032.007131
215,2022-07-17,Hauts-de-France,26829.231353
216,2022-07-18,Centre-Val de Loire,14740.75556
217,2022-07-18,Hauts-de-France,28211.713016
218,2022-07-19,Centre-Val de Loire,15003.82156
219,2022-07-19,Hauts-de-France,28711.840816
220,2022-07-20,Centre-Val de Loire,14484.655323
221,2022-07-20,Hauts-de-France,27716.182928
222,2022-07-21,Centre-Val de Loire,14274.233687
223,2022-07-21,Hauts-de-France,27255.477747
224,2022-07-22,Centre-Val de Loire,14286.972802
225,2022-07-22,Hauts-de-France,27248.058507
226,2022-07-23,Centre-Val de Loire,14003.789735
227,2022-07-23,Hauts-de-France,26702.108379
228,2022-07-24,Centre-Val de Loire,13962.536473
229,2022-07-24,Hauts-de-France,26666.430219
230,2022-07-25,Centre-Val de Loire,14062.080819
231,2022-07-25,Hauts-de-France,26830.248749
232,2022-07-26,Centre-Val de Loire,13768.00876
233,2022-07-26,Hauts-de-France,26208.078062
234,2022-07-27,Centre-Val de Loire,13671.538041
235,2022-07-27,Hauts-de-France,26003.82268
236,2022-07-28,Centre-Val de Loire,13657.909824
237,2022-07-28,Hauts-de-France,25954.502062
238,2022-07-29,Centre-Val de Loire,13588.764124
239,2022-07-29,Hauts-de-France,25823.219514
240,2022-07-30,Centre-Val de Loire,13614.00202
241,2022-07-30,Hauts-de-France,25880.7538
242,2022-07-31,Centre-Val de Loire,13546.34845
243,2022-07-31,Hauts-de-France,25800.939213
244,2022-08-01,Centre-Val de Loire,13845.262866
245,2022-08-01,Hauts-de-France,26362.17674
246,2022-08-02,Centre-Val de Loire,14003.95378
247,2022-08-02,Hauts-de-France,26660.153485
248,2022-08-03,Centre-Val de Loire,14262.861327
249,2022-08-03,Hauts-de-France,27185.408622
250,2022-08-04,Centre-Val de Loire,14236.952511
251,2022-08-04,Hauts-de-France,27168.229271
252,2022-08-05,Centre-Val de Loire,13986.796105
253,2022-08-05,Hauts-de-France,26697.679975
254,2022-08-06,Centre-Val de Loire,13639.539155
255,2022-08-06,Hauts-de-France,26034.835168
256,2022-08-07,Centre-Val de Loire,13362.552765
257,2022-08-07,Hauts-de-France,25556.686978
258,2022-08-08,Centre-Val de Loire,13507.226061
259,2022-08-08,Hauts-de-France,25807.579537
260,2022-08-09,Centre-Val de Loire,13643.043542
261,2022-08-09,Hauts-de-France,26092.407726
262,2022-08-10,Centre-Val de Loire,13781.022949
263,2022-08-10,Hauts-de-France,26428.47026
264,2022-08-11,Centre-Val de Loire,13895.358949
265,2022-08-11,Hauts-de-France,26665.289233
266,2022-08-12,Centre-Val de Loire,14106.372564
267,2022-08-12,Hauts-de-France,27102.519252
268,2022-08-13,Centre-Val de Loire,13811.792103
269,2022-08-13,Hauts-de-France,26618.625751
270,2022-08-14,Centre-Val de Loire,13155.119857
271,2022-08-14,Hauts-de-France,25403.411636
272,2022-08-15,Centre-Val de Loire,12999.484669
273,2022-08-15,Hauts-de-France,25080.991803
274,2022-08-16,Centre-Val de Loire,13310.896368
275,2022-08-16,Hauts-de-France,25724.41189
276,2022-08-17,Centre-Val de Loire,13118.290668
277,2022-08-17,Hauts-de-France,25384.747984
278,2022-08-18,Centre-Val de Loire,13032.392636
279,2022-08-18,Hauts-de-France,25207.566001
280,2022-08-19,Centre-Val de Loire,13137.599968
281,2022-08-19,Hauts-de-France,25458.544914
282,2022-08-20,Centre-Val de Loire,13196.714823
283,2022-08-20,Hauts-de-France,25596.800851
284,2022-08-21,Centre-Val de Loire,13206.28478
285,2022-08-21,Hauts-de-France,25650.409162
286,2022-08-22,Centre-Val de Loire,13365.288443
287,2022-08-22,Hauts-de-France,26036.472502
288,2022-08-23,Centre-Val de Loire,13580.185277
289,2022-08-23,Hauts-de-France,26489.824898
290,2022-08-24,Centre-Val de Loire,13858.430737
291,2022-08-24,Hauts-de-France,27065.569226
292,2022-08-25,Centre-Val de Loire,13862.185946
293,2022-08-25,Hauts-de-France,27171.981411
294,2022-08-26,Centre-Val de Loire,13813.898605
295,2022-08-26,Hauts-de-France,27066.910339
296,2022-08-27,Centre-Val de Loire,13697.694771
297,2022-08-27,Hauts-de-France,26844.893345
298,2022-08-28,Centre-Val de Loire,13597.885762
299,2022-08-28,Hauts-de-France,26853.053505
300,2022-08-29,Centre-Val de Loire,13820.290342
301,2022-08-29,Hauts-de-France,27309.731778
302,2022-08-30,Centre-Val de Loire,13859.565793
303,2022-08-30,Hauts-de-France,27403.501748
304,2022-08-31,Centre-Val de Loire,13826.961494
305,2022-08-31,Hauts-de-France,27334.184859
306,2022-09-01,Centre-Val de Loire,13756.46057
307,2022-09-01,Hauts-de-France,27295.725661
308,2022-09-02,Centre-Val de Loire,13642.479311
309,2022-09-02,Hauts-de-France,27117.267091
310,2022-09-03,Centre-Val de Loire,13630.734835
311,2022-09-03,Hauts-de-France,27108.736898
312,2022-09-04,Centre-Val de Loire,13633.448796
313,2022-09-04,Hauts-de-France,27233.571088
314,2022-09-05,Centre-Val de Loire,13707.206333
315,2022-09-05,Hauts-de-France,27411.347262
316,2022-09-06,Centre-Val de Loire,13695.434764
317,2022-09-06,Hauts-de-France,27433.05744
318,2022-09-07,Centre-Val de Loire,13761.395965
319,2022-09-07,Hauts-de-France,27645.796908
320,2022-09-08,Centre-Val de Loire,13500.374661
321,2022-09-08,Hauts-de-France,27121.860768
322,2022-09-09,Centre-Val de Loire,13586.54037
323,2022-09-09,Hauts-de-France,27279.53316
324,2022-09-10,Centre-Val de Loire,13614.788358
325,2022-09-10,Hauts-de-France,27422.765057
326,2022-09-11,Centre-Val de Loire,13541.719133
327,2022-09-11,Hauts-de-France,27309.390209
328,2022-09-12,Centre-Val de Loire,13557.124414
329,2022-09-12,Hauts-de-France,27325.122844
330,2022-09-13,Centre-Val de Loire,13657.221694
331,2022-09-13,Hauts-de-France,27664.314972
332,2022-09-14,Centre-Val de Loire,13820.889731
333,2022-09-14,Hauts-de-France,28063.033337
334,2022-09-15,Centre-Val de Loire,13632.614544
335,2022-09-15,Hauts-de-France,27634.087674
336,2022-09-16,Centre-Val de Loire,13650.267131
337,2022-09-16,Hauts-de-France,27660.623439
338,2022-09-17,Centre-Val de Loire,13824.607944
339,2022-09-17,Hauts-de-France,27959.83489
340,2022-09-18,Centre-Val de Loire,13994.399293
341,2022-09-18,Hauts-de-France,28291.127719
342,2022-09-19,Centre-Val de Loire,13905.048646
343,2022-09-19,Hauts-de-France,28089.301732
344,2022-09-20,Centre-Val de Loire,14052.25232
345,2022-09-20,Hauts-de-France,28375.391155
346,2022-09-21,Centre-Val de Loire,14251.358352
347,2022-09-21,Hauts-de-France,28780.859058
348,2022-09-22,Centre-Val de Loire,14136.014891
349,2022-09-22,Hauts-de-France,28535.541363
350,2022-09-23,Centre-Val de Loire,14270.126669
351,2022-09-23,Hauts-de-France,28827.11977
352,2022-09-24,Centre-Val de Loire,14418.249622
353,2022-09-24,Hauts-de-France,29161.642763
354,2022-09-25,Centre-Val de Loire,14596.313774
355,2022-09-25,Hauts-de-France,29509.488872
356,2022-09-26,Centre-Val de Loire,14884.312289
357,2022-09-26,Hauts-de-France,30019.039198
358,2022-09-27,Centre-Val de Loire,15228.927453
359,2022-09-27,Hauts-de-France,30658.249666
360,2022-09-28,Centre-Val de Loire,15535.630782
361,2022-09-28,Hauts-de-France,31289.370532
362,2022-09-29,Centre-Val de Loire,15717.178222
363,2022-09-29,Hauts-de-France,31596.355108
364,2022-09-30,Centre-Val de Loire,16109.128397
365,2022-09-30,Hauts-de-France,32296.340298
366,2022-10-01,Centre-Val de Loire,16243.813029
367,2022-10-01,Hauts-de-France,33365.821364
368,2022-10-02,Centre-Val de Loire,15605.51033
369,2022-10-02,Hauts-de-France,32238.556037
370,2022-10-03,Centre-Val de Loire,15411.740938
371,2022-10-03,Hauts-de-France,31814.611536
372,2022-10-04,Centre-Val de Loire,15469.252908
373,2022-10-04,Hauts-de-France,31945.904145
374,2022-10-05,Centre-Val de Loire,15160.938758
375,2022-10-05,Hauts-de-France,31413.004189
376,2022-10-06,Centre-Val de Loire,14909.692729
377,2022-10-06,Hauts-de-France,30882.491646
378,2022-10-07,Centre-Val de Loire,15270.587202
379,2022-10-07,Hauts-de-France,31608.862107
380,2022-10-08,Centre-Val de Loire,15440.200053
381,2022-10-08,Hauts-de-France,31968.800354
382,2022-10-09,Centre-Val de Loire,15902.50704
383,2022-10-09,Hauts-de-France,32897.001768
384,2022-10-10,Centre-Val de Loire,15415.370414
385,2022-10-10,Hauts-de-France,31960.741924
386,2022-10-11,Centre-Val de Loire,15340.696436
387,2022-10-11,Hauts-de-France,31846.397933
388,2022-10-12,Centre-Val de Loire,15799.448129
389,2022-10-12,Hauts-de-France,32767.802265
390,2022-10-13,Centre-Val de Loire,15792.318714
391,2022-10-13,Hauts-de-France,32712.118903
392,2022-10-14,Centre-Val de Loire,15716.644952
393,2022-10-14,Hauts-de-France,32562.871036
394,2022-10-15,Centre-Val de Loire,15501.561748
395,2022-10-15,Hauts-de-France,32118.736472
396,2022-10-16,Centre-Val de Loire,15332.984115
397,2022-10-16,Hauts-de-France,31806.835481
398,2022-10-17,Centre-Val de Loire,14886.131199
399,2022-10-17,Hauts-de-France,30908.530989
400,2022-10-18,Centre-Val de Loire,14707.517594
401,2022-10-18,Hauts-de-France,30514.828961
402,2022-10-19,Centre-Val de Loire,14772.445974
403,2022-10-19,Hauts-de-France,30656.048804
404,2022-10-20,Centre-Val de Loire,14649.675124
405,2022-10-20,Hauts-de-France,30375.627096
406,2022-10-21,Centre-Val de Loire,14823.266059
407,2022-10-21,Hauts-de-France,30661.742143
408,2022-10-22,Centre-Val de Loire,15002.225316
409,2022-10-22,Hauts-de-France,30966.498234
410,2022-10-23,Centre-Val de Loire,14960.082721
411,2022-10-23,Hauts-de-France,30854.631985
412,2022-10-24,Centre-Val de Loire,14972.899811
413,2022-10-24,Hauts-de-France,30809.244903
414,2022-10-25,Centre-Val de Loire,15186.210841
415,2022-10-25,Hauts-de-France,31158.746457
416,2022-10-26,Centre-Val de Loire,14942.669084
417,2022-10-26,Hauts-de-France,30660.646871
418,2022-10-27,Centre-Val de Loire,14959.434127
419,2022-10-27,Hauts-de-France,30595.869807
420,2022-10-28,Centre-Val de Loire,14874.995681
421,2022-10-28,Hauts-de-France,30407.528917
422,2022-10-29,Centre-Val de Loire,14806.816607
423,2022-10-29,Hauts-de-France,30234.462025
424,2022-10-30,Centre-Val de Loire,15487.482898
425,2022-10-30,Hauts-de-France,31569.298984
426,2022-10-31,Centre-Val de Loire,15377.129286
427,2022-10-31,Hauts-de-France,31302.940675
428,2022-11-01,Centre-Val de Loire,15751.066727
429,2022-11-01,Hauts-de-France,31964.902843
430,2022-11-02,Centre-Val de Loire,16449.719011
431,2022-11-02,Hauts-de-France,33260.220734
432,2022-11-03,Centre-Val de Loire,17605.403808
433,2022-11-03,Hauts-de-France,35331.043236
434,2022-11-04,Centre-Val de Loire,19157.733089
435,2022-11-04,Hauts-de-France,38075.693861
436,2022-11-05,Centre-Val de Loire,20664.054053
437,2022-11-05,Hauts-de-France,40757.265128
438,2022-11-06,Centre-Val de Loire,21012.221684
439,2022-11-06,Hauts-de-France,41335.249953
440,2022-11-07,Centre-Val de Loire,19671.275665
441,2022-11-07,Hauts-de-France,38776.19771
442,2022-11-08,Centre-Val de Loire,19270.078917
443,2022-11-08,Hauts-de-France,38016.525151
444,2022-11-09,Centre-Val de Loire,19267.798174
445,2022-11-09,Hauts-de-France,37963.683475
446,2022-11-10,Centre-Val de Loire,20228.226393
447,2022-11-10,Hauts-de-France,39512.809409
448,2022-11-11,Centre-Val de Loire,20548.135983
449,2022-11-11,Hauts-de-France,40018.64174
450,2022-11-12,Centre-Val de Loire,20575.552165
451,2022-11-12,Hauts-de-France,39975.521022
452,2022-11-13,Centre-Val de Loire,20904.676103
453,2022-11-13,Hauts-de-France,40538.975445
454,2022-11-14,Centre-Val de Loire,21353.976524
455,2022-11-14,Hauts-de-France,41364.21036
456,2022-11-15,Centre-Val de Loire,21240.812399
457,2022-11-15,Hauts-de-France,40989.847364
458,2022-11-16,Centre-Val de Loire,21537.53958
459,2022-11-16,Hauts-de-France,41418.959972
460,2022-11-17,Centre-Val de Loire,21159.503841
461,2022-11-17,Hauts-de-France,40593.975339
462,2022-11-18,Centre-Val de Loire,22572.922921
463,2022-11-18,Hauts-de-France,42924.937866
464,2022-11-19,Centre-Val de Loire,24737.57776
465,2022-11-19,Hauts-de-France,46536.410768
466,2022-11-20,Centre-Val de Loire,25689.806225
467,2022-11-20,Hauts-de-France,48159.598152
468,2022-11-21,Centre-Val de Loire,26369.479005
469,2022-11-21,Hauts-de-France,49271.347015
470,2022-11-22,Centre-Val de Loire,26696.973171
471,2022-11-22,Hauts-de-France,49772.171601
472,2022-11-23,Centre-Val de Loire,26214.050823
473,2022-11-23,Hauts-de-France,48931.497513
474,2022-11-24,Centre-Val de Loire,25509.505869
475,2022-11-24,Hauts-de-France,47467.046065
476,2022-11-25,Centre-Val de Loire,25280.876307
477,2022-11-25,Hauts-de-France,47002.897618
478,2022-11-26,Centre-Val de Loire,27181.455578
479,2022-11-26,Hauts-de-France,50188.496864
480,2022-11-27,Centre-Val de Loire,27421.596121
481,2022-11-27,Hauts-de-France,50560.787607
482,2022-11-28,Centre-Val de Loire,26542.140539
483,2022-11-28,Hauts-de-France,48955.998433
484,2022-11-29,Centre-Val de Loire,27746.820421
485,2022-11-29,Hauts-de-France,51049.996376
486,2022-11-30,Centre-Val de Loire,29045.341925
487,2022-11-30,Hauts-de-France,53312.05031
488,2022-12-01,Centre-Val de Loire,30344.877819
489,2022-12-01,Hauts-de-France,55427.360342
490,2022-12-02,Centre-Val de Loire,31775.245415
491,2022-12-02,Hauts-de-France,57907.531128
492,2022-12-03,Centre-Val de Loire,33202.170598
493,2022-12-03,Hauts-de-France,60269.636287
494,2022-12-04,Centre-Val de Loire,33341.499204
495,2022-12-04,Hauts-de-France,60488.800199
496,2022-12-05,Centre-Val de Loire,33335.356246
497,2022-12-05,Hauts-de-France,60431.544522
498,2022-12-06,Centre-Val de Loire,33651.927463
499,2022-12-06,Hauts-de-France,60833.939486
500,2022-12-07,Centre-Val de Loire,34028.814448
501,2022-12-07,Hauts-de-France,61455.37005
502,2022-12-08,Centre-Val de Loire,34999.126651
503,2022-12-08,Hauts-de-France,62946.041486
504,2022-12-09,Centre-Val de Loire,35538.894908
505,2022-12-09,Hauts-de-France,63912.274338
506,2022-12-10,Centre-Val de Loire,37242.753345
507,2022-12-10,Hauts-de-France,66734.319145
508,2022-12-11,Centre-Val de Loire,39588.312369
509,2022-12-11,Hauts-de-France,70767.082088
510,2022-12-12,Centre-Val de Loire,40662.833568
511,2022-12-12,Hauts-de-France,72574.398434
512,2022-12-13,Centre-Val de Loire,40222.597116
513,2022-12-13,Hauts-de-France,71994.528645
514,2022-12-14,Centre-Val de Loire,37172.077701
515,2022-12-14,Hauts-de-France,66929.518269
516,2022-12-15,Centre-Val de Loire,36993.704578
517,2022-12-15,Hauts-de-France,66671.364167
518,2022-12-16,Centre-Val de Loire,37857.253066
519,2022-12-16,Hauts-de-France,68092.304195
520,2022-12-17,Centre-Val de Loire,41075.229482
521,2022-12-17,Hauts-de-France,73550.326747
522,2022-12-18,Centre-Val de Loire,40602.80886
523,2022-12-18,Hauts-de-France,72738.33487
524,2022-12-19,Centre-Val de Loire,32852.580782
525,2022-12-19,Hauts-de-France,59612.176544
526,2022-12-20,Centre-Val de Loire,28745.33034
527,2022-12-20,Hauts-de-France,52571.7327
528,2022-12-21,Centre-Val de Loire,27330.94865
529,2022-12-21,Hauts-de-France,50158.81626
530,2022-12-22,Centre-Val de Loire,26430.073338
531,2022-12-22,Hauts-de-France,48564.491259
532,2022-12-23,Centre-Val de Loire,25051.500934
533,2022-12-23,Hauts-de-France,46157.571461
534,2022-12-24,Centre-Val de Loire,25642.109676
535,2022-12-24,Hauts-de-France,47107.926184
536,2022-12-25,Centre-Val de Loire,24894.944389
537,2022-12-25,Hauts-de-France,45612.569626
538,2022-12-26,Centre-Val de Loire,25666.289657
539,2022-12-26,Hauts-de-France,47058.930455
540,2022-12-27,Centre-Val de Loire,28429.818505
541,2022-12-27,Hauts-de-France,51787.200277
542,2022-12-28,Centre-Val de Loire,28346.675936
543,2022-12-28,Hauts-de-France,51685.147099
544,2022-12-29,Centre-Val de Loire,27263.959451
545,2022-12-29,Hauts-de-France,49817.386178
546,2022-12-30,Centre-Val de Loire,27643.640319
547,2022-12-30,Hauts-de-France,50477.913663
548,2022-12-31,Centre-Val de Loire,25048.852315
549,2022-12-31,Hauts-de-France,46079.278661
550,2023-01-01,Centre-Val de Loire,23365.40432
551,2023-01-01,Hauts-de-France,43439.824423
552,2023-01-02,Centre-Val de Loire,24222.340127
553,2023-01-02,Hauts-de-France,45099.806817
554,2023-01-03,Centre-Val de Loire,26348.646223
555,2023-01-03,Hauts-de-France,48725.833895
556,2023-01-04,Centre-Val de Loire,26249.730952
557,2023-01-04,Hauts-de-France,48469.970497
558,2023-01-05,Centre-Val de Loire,24595.54156
559,2023-01-05,Hauts-de-France,45558.829994
560,2023-01-06,Centre-Val de Loire,24879.940941
561,2023-01-06,Hauts-de-France,46021.947362
562,2023-01-07,Centre-Val de Loire,25908.947374
563,2023-01-07,Hauts-de-France,47662.237691
564,2023-01-08,Centre-Val de Loire,26312.703289
565,2023-01-08,Hauts-de-France,48349.685486
566,2023-01-09,Centre-Val de Loire,27999.913217
567,2023-01-09,Hauts-de-France,51193.532375
568,2023-01-10,Centre-Val de Loire,28537.855103
569,2023-01-10,Hauts-de-France,52005.48464
570,2023-01-11,Centre-Val de Loire,26948.883828
571,2023-01-11,Hauts-de-France,49274.698993
572,2023-01-12,Centre-Val de Loire,27024.674636
573,2023-01-12,Hauts-de-France,49306.886204
574,2023-01-13,Centre-Val de Loire,26725.93802
575,2023-01-13,Hauts-de-France,48644.484912
576,2023-01-14,Centre-Val de Loire,27393.290965
577,2023-01-14,Hauts-de-France,49687.396924
578,2023-01-15,Centre-Val de Loire,28555.68833
579,2023-01-15,Hauts-de-France,51564.550557
580,2023-01-16,Centre-Val de Loire,30941.158302
581,2023-01-16,Hauts-de-France,55327.530045
582,2023-01-17,Centre-Val de Loire,32754.44277
583,2023-01-17,Hauts-de-France,58242.046825
584,2023-01-18,Centre-Val de Loire,34981.947124
585,2023-01-18,Hauts-de-France,61798.094593
586,2023-01-19,Centre-Val de Loire,36342.363478
587,2023-01-19,Hauts-de-France,63766.522621
588,2023-01-20,Centre-Val de Loire,36632.029974
589,2023-01-20,Hauts-de-France,64016.777509
590,2023-01-21,Centre-Val de Loire,37822.524851
591,2023-01-21,Hauts-de-France,65810.95236
592,2023-01-22,Centre-Val de Loire,40200.713758
593,2023-01-22,Hauts-de-France,69489.014535
594,2023-01-23,Centre-Val de Loire,39483.586385
595,2023-01-23,Hauts-de-France,68122.957672
596,2023-01-24,Centre-Val de Loire,38094.493777
597,2023-01-24,Hauts-de-France,65745.139474
598,2023-01-25,Centre-Val de Loire,38207.386008
599,2023-01-25,Hauts-de-France,65830.718856
600,2023-01-26,Centre-Val de Loire,37705.232326
601,2023-01-26,Hauts-de-France,64812.328642
602,2023-01-27,Centre-Val de Loire,37015.576789
603,2023-01-27,Hauts-de-France,63601.406991
604,2023-01-28,Centre-Val de Loire,37596.279614
605,2023-01-28,Hauts-de-France,64344.589602
606,2023-01-29,Centre-Val de Loire,37513.964236
607,2023-01-29,Hauts-de-France,64179.459771
608,2023-01-30,Centre-Val de Loire,35834.696684
609,2023-01-30,Hauts-de-France,61280.511327
610,2023-01-31,Centre-Val de Loire,33694.913393
611,2023-01-31,Hauts-de-France,58006.328768
612,2023-02-01,Centre-Val de Loire,31795.308946
613,2023-02-01,Hauts-de-France,54820.003299
614,2023-02-02,Centre-Val de Loire,30906.830257
615,2023-02-02,Hauts-de-France,53294.349117
616,2023-02-03,Centre-Val de Loire,30410.041347
617,2023-02-03,Hauts-de-France,52400.754496
618,2023-02-04,Centre-Val de Loire,29870.082464
619,2023-02-04,Hauts-de-France,51489.961391
620,2023-02-05,Centre-Val de Loire,29568.037602
621,2023-02-05,Hauts-de-France,50996.963344
622,2023-02-06,Centre-Val de Loire,31417.847215
623,2023-02-06,Hauts-de-France,53848.973253
624,2023-02-07,Centre-Val de Loire,33519.482854
625,2023-02-07,Hauts-de-France,57220.916116
626,2023-02-08,Centre-Val de Loire,35131.424925
627,2023-02-08,Hauts-de-France,59832.741605
628,2023-02-09,Centre-Val de Loire,35670.2391
629,2023-02-09,Hauts-de-France,60591.485948
630,2023-02-10,Centre-Val de Loire,34302.713412
631,2023-02-10,Hauts-de-France,58331.829296
632,2023-02-11,Centre-Val de Loire,33794.577964
633,2023-02-11,Hauts-de-France,57589.729405
634,2023-02-12,Centre-Val de Loire,32144.922778
635,2023-02-12,Hauts-de-France,54987.898152
636,2023-02-13,Centre-Val de Loire,31639.980742
637,2023-02-13,Hauts-de-France,54280.888049
638,2023-02-14,Centre-Val de Loire,30523.667665
639,2023-02-14,Hauts-de-France,52569.64078
640,2023-02-15,Centre-Val de Loire,29569.756071
641,2023-02-15,Hauts-de-France,51194.135653
642,2023-02-16,Centre-Val de Loire,28465.954621
643,2023-02-16,Hauts-de-France,49583.194934
644,2023-02-17,Centre-Val de Loire,26285.163075
645,2023-02-17,Hauts-de-France,46147.560648
646,2023-02-18,Centre-Val de Loire,25382.302333
647,2023-02-18,Hauts-de-France,44749.976708
648,2023-02-19,Centre-Val de Loire,25194.774671
649,2023-02-19,Hauts-de-France,44351.59808
650,2023-02-20,Centre-Val de Loire,26298.340422
651,2023-02-20,Hauts-de-France,46146.57564
652,2023-02-21,Centre-Val de Loire,26406.927433
653,2023-02-21,Hauts-de-France,46389.095265
654,2023-02-22,Centre-Val de Loire,26399.152707
655,2023-02-22,Hauts-de-France,46479.382944
656,2023-02-23,Centre-Val de Loire,27376.600406
657,2023-02-23,Hauts-de-France,47980.564905
658,2023-02-24,Centre-Val de Loire,27468.474016
659,2023-02-24,Hauts-de-France,48099.471931
660,2023-02-25,Centre-Val de Loire,29439.126689
661,2023-02-25,Hauts-de-France,51327.872138
662,2023-02-26,Centre-Val de Loire,32571.350556
663,2023-02-26,Hauts-de-France,56368.677999
664,2023-02-27,Centre-Val de Loire,35102.562895
665,2023-02-27,Hauts-de-France,60467.612168
666,2023-02-28,Centre-Val de Loire,35429.959039
667,2023-02-28,Hauts-de-France,61063.190554
668,2023-03-01,Centre-Val de Loire,34855.856651
669,2023-03-01,Hauts-de-France,61998.708242
670,2023-03-02,Centre-Val de Loire,33506.627225
671,2023-03-02,Hauts-de-France,59758.275452
672,2023-03-03,Centre-Val de Loire,32073.092931
673,2023-03-03,Hauts-de-France,57590.816667
674,2023-03-04,Centre-Val de Loire,32179.741402
675,2023-03-04,Hauts-de-France,58124.921747
676,2023-03-05,Centre-Val de Loire,31392.977585
677,2023-03-05,Hauts-de-France,56887.650639
678,2023-03-06,Centre-Val de Loire,31132.01426
679,2023-03-06,Hauts-de-France,56537.229627
680,2023-03-07,Centre-Val de Loire,30997.454443
681,2023-03-07,Hauts-de-France,56762.63947
682,2023-03-08,Centre-Val de Loire,28237.626309
683,2023-03-08,Hauts-de-France,52178.2256
684,2023-03-09,Centre-Val de Loire,24909.257945
685,2023-03-09,Hauts-de-France,46334.783038
686,2023-03-10,Centre-Val de Loire,26264.631202
687,2023-03-10,Hauts-de-France,48721.631776
688,2023-03-11,Centre-Val de Loire,26728.731678
689,2023-03-11,Hauts-de-France,49536.251043
690,2023-03-12,Centre-Val de Loire,23981.113315
691,2023-03-12,Hauts-de-France,44745.316104
692,2023-03-13,Centre-Val de Loire,21655.804129
693,2023-03-13,Hauts-de-France,40585.390261
694,2023-03-14,Centre-Val de Loire,23278.95801
695,2023-03-14,Hauts-de-France,43467.767671
696,2023-03-15,Centre-Val de Loire,24867.112523
697,2023-03-15,Hauts-de-France,46208.337845
698,2023-03-16,Centre-Val de Loire,23414.469398
699,2023-03-16,Hauts-de-France,43637.714327
700,2023-03-17,Centre-Val de Loire,22077.589184
701,2023-03-17,Hauts-de-France,41325.121686
702,2023-03-18,Centre-Val de Loire,22174.844371
703,2023-03-18,Hauts-de-France,41499.225604
704,2023-03-19,Centre-Val de Loire,22491.507776
705,2023-03-19,Hauts-de-France,42058.912736
706,2023-03-20,Centre-Val de Loire,22847.027485
707,2023-03-20,Hauts-de-France,42601.961035
708,2023-03-21,Centre-Val de Loire,21886.219339
709,2023-03-21,Hauts-de-France,40940.126849
710,2023-03-22,Centre-Val de Loire,21838.933611
711,2023-03-22,Hauts-de-France,40984.513699
712,2023-03-23,Centre-Val de Loire,20791.978307
713,2023-03-23,Hauts-de-France,39158.755882
714,2023-03-24,Centre-Val de Loire,20723.167
715,2023-03-24,Hauts-de-France,39056.238908
716,2023-03-25,Centre-Val de Loire,21921.287697
717,2023-03-25,Hauts-de-France,41146.773896
718,2023-03-26,Centre-Val de Loire,21718.628499
719,2023-03-26,Hauts-de-France,40726.623097
720,2023-03-27,Centre-Val de Loire,23510.332774
721,2023-03-27,Hauts-de-France,43880.840368
722,2023-03-28,Centre-Val de Loire,24531.555591
723,2023-03-28,Hauts-de-France,45692.185626
724,2023-03-29,Centre-Val de Loire,21331.600438
725,2023-03-29,Hauts-de-France,40104.465245
726,2023-03-30,Centre-Val de Loire,19288.238369
727,2023-03-30,Hauts-de-France,36531.343511
728,2023-03-31,Centre-Val de Loire,20318.732115
729,2023-03-31,Hauts-de-France,38359.702853
730,2023-04-01,Centre-Val de Loire,21791.784876
731,2023-04-01,Hauts-de-France,42331.653327
732,2023-04-02,Centre-Val de Loire,23424.201691
733,2023-04-02,Hauts-de-France,45314.40627
734,2023-04-03,Centre-Val de Loire,23746.597337
735,2023-04-03,Hauts-de-France,45728.078021
736,2023-04-04,Centre-Val de Loire,24203.946617
737,2023-04-04,Hauts-de-France,46467.176286
738,2023-04-05,Centre-Val de Loire,24168.670058
739,2023-04-05,Hauts-de-France,46427.745388
740,2023-04-06,Centre-Val de Loire,22759.927588
741,2023-04-06,Hauts-de-France,43953.375626
742,2023-04-07,Centre-Val de Loire,22081.356516
743,2023-04-07,Hauts-de-France,42700.544275
744,2023-04-08,Centre-Val de Loire,21908.073273
745,2023-04-08,Hauts-de-France,42491.413314
746,2023-04-09,Centre-Val de Loire,20278.274397
747,2023-04-09,Hauts-de-France,39469.729475
748,2023-04-10,Centre-Val de Loire,19770.87921
749,2023-04-10,Hauts-de-France,38679.725081
750,2023-04-11,Centre-Val de Loire,20017.871809
751,2023-04-11,Hauts-de-France,39197.23569
752,2023-04-12,Centre-Val de Loire,20762.860368
753,2023-04-12,Hauts-de-France,40623.834296
754,2023-04-13,Centre-Val de Loire,22125.250782
755,2023-04-13,Hauts-de-France,43012.600193
756,2023-04-14,Centre-Val de Loire,23048.678126
757,2023-04-14,Hauts-de-France,44728.105676
758,2023-04-15,Centre-Val de Loire,22489.823404
759,2023-04-15,Hauts-de-France,43770.74837
760,2023-04-16,Centre-Val de Loire,21691.509576
761,2023-04-16,Hauts-de-France,42307.55483
762,2023-04-17,Centre-Val de Loire,20924.406754
763,2023-04-17,Hauts-de-France,41009.642114
764,2023-04-18,Centre-Val de Loire,19917.59962
765,2023-04-18,Hauts-de-France,39287.619672
766,2023-04-19,Centre-Val de Loire,18661.99779
767,2023-04-19,Hauts-de-France,37056.579502
768,2023-04-20,Centre-Val de Loire,18610.063243
769,2023-04-20,Hauts-de-France,37114.902192
770,2023-04-21,Centre-Val de Loire,19350.701033
771,2023-04-21,Hauts-de-France,38540.431024
772,2023-04-22,Centre-Val de Loire,19012.011662
773,2023-04-22,Hauts-de-France,38039.856759
774,2023-04-23,Centre-Val de Loire,19038.917033
775,2023-04-23,Hauts-de-France,38097.231154
776,2023-04-24,Centre-Val de Loire,19088.136846
777,2023-04-24,Hauts-de-France,38240.252953
778,2023-04-25,Centre-Val de Loire,19189.710747
779,2023-04-25,Hauts-de-France,38460.464469
780,2023-04-26,Centre-Val de Loire,19065.536381
781,2023-04-26,Hauts-de-France,38296.896596
782,2023-04-27,Centre-Val de Loire,17412.836579
783,2023-04-27,Hauts-de-France,35271.561572
784,2023-04-28,Centre-Val de Loire,16049.57188
785,2023-04-28,Hauts-de-France,32699.750162
786,2023-04-29,Centre-Val de Loire,16005.342104
787,2023-04-29,Hauts-de-France,32649.459597
788,2023-04-30,Centre-Val de Loire,15929.726802
789,2023-04-30,Hauts-de-France,32411.91274
790,2023-05-01,Centre-Val de Loire,16100.278037
791,2023-05-01,Hauts-de-France,32751.805516
792,2023-05-02,Centre-Val de Loire,15943.502184
793,2023-05-02,Hauts-de-France,32417.213322
794,2023-05-03,Centre-Val de Loire,15361.764145
795,2023-05-03,Hauts-de-France,31389.473016
796,2023-05-04,Centre-Val de Loire,14606.416693
797,2023-05-04,Hauts-de-France,29926.641522
798,2023-05-05,Centre-Val de Loire,14457.985141
799,2023-05-05,Hauts-de-France,29644.417459
800,2023-05-06,Centre-Val de Loire,14540.588682
801,2023-05-06,Hauts-de-France,29844.11545
802,2023-05-07,Centre-Val de Loire,14360.487457
803,2023-05-07,Hauts-de-France,29488.915661
804,2023-05-08,Centre-Val de Loire,14641.971281
805,2023-05-08,Hauts-de-France,30046.389259
806,2023-05-09,Centre-Val de Loire,14787.163884
807,2023-05-09,Hauts-de-France,30354.604832
808,2023-05-10,Centre-Val de Loire,15245.614925
809,2023-05-10,Hauts-de-France,31167.823638
810,2023-05-11,Centre-Val de Loire,15325.500469
811,2023-05-11,Hauts-de-France,31255.482039
812,2023-05-12,Centre-Val de Loire,15767.536662
813,2023-05-12,Hauts-de-France,32142.700264
814,2023-05-13,Centre-Val de Loire,15820.044872
815,2023-05-13,Hauts-de-France,32181.819545
816,2023-05-14,Centre-Val de Loire,15624.435688
817,2023-05-14,Hauts-de-France,31794.705356
818,2023-05-15,Centre-Val de Loire,15407.227165
819,2023-05-15,Hauts-de-France,31395.625123
820,2023-05-16,Centre-Val de Loire,15772.916898
821,2023-05-16,Hauts-de-France,31971.594803
822,2023-05-17,Centre-Val de Loire,15848.116363
823,2023-05-17,Hauts-de-France,32029.589867
824,2023-05-18,Centre-Val de Loire,15503.013001
825,2023-05-18,Hauts-de-France,31350.387135
826,2023-05-19,Centre-Val de Loire,15193.253046
827,2023-05-19,Hauts-de-France,30665.031077
828,2023-05-20,Centre-Val de Loire,14806.582467
829,2023-05-20,Hauts-de-France,29910.495271
830,2023-05-21,Centre-Val de Loire,14536.701126
831,2023-05-21,Hauts-de-France,29455.928823
832,2023-05-22,Centre-Val de Loire,14064.690836
833,2023-05-22,Hauts-de-France,28515.080459
834,2023-05-23,Centre-Val de Loire,13876.73363
835,2023-05-23,Hauts-de-France,28122.625268
836,2023-05-24,Centre-Val de Loire,14082.579801
837,2023-05-24,Hauts-de-France,28502.813265
838,2023-05-25,Centre-Val de Loire,13896.965062
839,2023-05-25,Hauts-de-France,28096.437933
840,2023-05-26,Centre-Val de Loire,13765.3042
841,2023-05-26,Hauts-de-France,27846.47813
842,2023-05-27,Centre-Val de Loire,13650.815724
843,2023-05-27,Hauts-de-France,27642.314525
844,2023-05-28,Centre-Val de Loire,13274.269844
845,2023-05-28,Hauts-de-France,26894.657103
846,2023-05-29,Centre-Val de Loire,13493.063608
847,2023-05-29,Hauts-de-France,27378.138504
848,2023-05-30,Centre-Val de Loire,13450.83181
849,2023-05-30,Hauts-de-France,27269.590507
850,2023-05-31,Centre-Val de Loire,13522.229569
851,2023-05-31,Hauts-de-France,27429.317648
852,2023-06-01,Centre-Val de Loire,13348.399753
853,2023-06-01,Hauts-de-France,26748.747775
854,2023-06-02,Centre-Val de Loire,13381.839095
855,2023-06-02,Hauts-de-France,26788.712002
856,2023-06-03,Centre-Val de Loire,13506.128725
857,2023-06-03,Hauts-de-France,27015.615583
858,2023-06-04,Centre-Val de Loire,13343.601322
859,2023-06-04,Hauts-de-France,26645.471749
860,2023-06-05,Centre-Val de Loire,13217.439499
861,2023-06-05,Hauts-de-France,26393.979991
862,2023-06-06,Centre-Val de Loire,13210.160116
863,2023-06-06,Hauts-de-France,26354.379221
864,2023-06-07,Centre-Val de Loire,13382.047028
865,2023-06-07,Hauts-de-France,26636.425298
866,2023-06-08,Centre-Val de Loire,13276.698318
867,2023-06-08,Hauts-de-France,26405.927602
868,2023-06-09,Centre-Val de Loire,13339.051889
869,2023-06-09,Hauts-de-France,26545.137091
870,2023-06-10,Centre-Val de Loire,13434.134226
871,2023-06-10,Hauts-de-France,26781.44619
872,2023-06-11,Centre-Val de Loire,13388.069405
873,2023-06-11,Hauts-de-France,26724.812523
874,2023-06-12,Centre-Val de Loire,13230.067986
875,2023-06-12,Hauts-de-France,26371.676161
876,2023-06-13,Centre-Val de Loire,13217.175529
877,2023-06-13,Hauts-de-France,26337.156512
878,2023-06-14,Centre-Val de Loire,13398.517903
879,2023-06-14,Hauts-de-France,26690.935931
880,2023-06-15,Centre-Val de Loire,13252.14744
881,2023-06-15,Hauts-de-France,26372.401245
882,2023-06-16,Centre-Val de Loire,13334.404942
883,2023-06-16,Hauts-de-France,26542.724021
884,2023-06-17,Centre-Val de Loire,13503.046662
885,2023-06-17,Hauts-de-France,26888.477826
886,2023-06-18,Centre-Val de Loire,13397.925071
887,2023-06-18,Hauts-de-France,26737.245735
888,2023-06-19,Centre-Val de Loire,13322.24506
889,2023-06-19,Hauts-de-France,26581.467809
890,2023-06-20,Centre-Val de Loire,13344.985764
891,2023-06-20,Hauts-de-France,26633.689718
892,2023-06-21,Centre-Val de Loire,13534.308206
893,2023-06-21,Hauts-de-France,27018.00189
894,2023-06-22,Centre-Val de Loire,13417.222802
895,2023-06-22,Hauts-de-France,26757.436282
896,2023-06-23,Centre-Val de Loire,13427.155975
897,2023-06-23,Hauts-de-France,26735.480163
898,2023-06-24,Centre-Val de Loire,13563.681034
899,2023-06-24,Hauts-de-France,27020.435784
900,2023-06-25,Centre-Val de Loire,13607.401039
901,2023-06-25,Hauts-de-France,27130.364174
902,2023-06-26,Centre-Val de Loire,13633.169851
903,2023-06-26,Hauts-de-France,27172.882546
904,2023-06-27,Centre-Val de Loire,13459.07683
905,2023-06-27,Hauts-de-France,26797.601028
906,2023-06-28,Centre-Val de Loire,13606.609249
907,2023-06-28,Hauts-de-France,27085.314837
908,2023-06-29,Centre-Val de Loire,13602.729832
909,2023-06-29,Hauts-de-France,27066.303799
910,2023-06-30,Centre-Val de Loire,13388.338229
911,2023-06-30,Hauts-de-France,26609.174813
912,2023-07-01,Centre-Val de Loire,13140.373791
913,2023-07-01,Hauts-de-France,25579.299274
914,2023-07-02,Centre-Val de Loire,13100.264823
915,2023-07-02,Hauts-de-France,25498.467437
916,2023-07-03,Centre-Val de Loire,13091.234611
917,2023-07-03,Hauts-de-France,25457.134648
918,2023-07-04,Centre-Val de Loire,13148.721389
919,2023-07-04,Hauts-de-France,25502.72208
920,2023-07-05,Centre-Val de Loire,13230.139376
921,2023-07-05,Hauts-de-France,25643.968813
922,2023-07-06,Centre-Val de Loire,13243.269849
923,2023-07-06,Hauts-de-France,25631.411064
924,2023-07-07,Centre-Val de Loire,13472.395439
925,2023-07-07,Hauts-de-France,26059.466716
926,2023-07-08,Centre-Val de Loire,13651.590126
927,2023-07-08,Hauts-de-France,26471.323061
928,2023-07-09,Centre-Val de Loire,13609.03565
929,2023-07-09,Hauts-de-France,26470.400048
930,2023-07-10,Centre-Val de Loire,13839.78059
931,2023-07-10,Hauts-de-France,26853.89489
932,2023-07-11,Centre-Val de Loire,14004.325895
933,2023-07-11,Hauts-de-France,27138.743551
934,2023-07-12,Centre-Val de Loire,13610.0844
935,2023-07-12,Hauts-de-France,26379.70941
936,2023-07-13,Centre-Val de Loire,13318.381693
937,2023-07-13,Hauts-de-France,25736.770311
938,2023-07-14,Centre-Val de Loire,13160.503451
939,2023-07-14,Hauts-de-France,25456.835211
940,2023-07-15,Centre-Val de Loire,13204.193387
941,2023-07-15,Hauts-de-France,25588.877341
942,2023-07-16,Centre-Val de Loire,13055.564254
943,2023-07-16,Hauts-de-France,25290.023362
944,2023-07-17,Centre-Val de Loire,13323.694794
945,2023-07-17,Hauts-de-France,25764.199403
946,2023-07-18,Centre-Val de Loire,13575.232693
947,2023-07-18,Hauts-de-France,26281.117817
948,2023-07-19,Centre-Val de Loire,13590.584637
949,2023-07-19,Hauts-de-France,26322.81799
950,2023-07-20,Centre-Val de Loire,13453.58782
951,2023-07-20,Hauts-de-France,26021.821643
952,2023-07-21,Centre-Val de Loire,13348.708125
953,2023-07-21,Hauts-de-France,25834.611251
954,2023-07-22,Centre-Val de Loire,13184.768672
955,2023-07-22,Hauts-de-France,25523.644593
956,2023-07-23,Centre-Val de Loire,13166.509875
957,2023-07-23,Hauts-de-France,25539.260525
958,2023-07-24,Centre-Val de Loire,13170.761742
959,2023-07-24,Hauts-de-France,25553.295464
960,2023-07-25,Centre-Val de Loire,12962.674712
961,2023-07-25,Hauts-de-France,25104.681292
962,2023-07-26,Centre-Val de Loire,12845.297955
963,2023-07-26,Hauts-de-France,24846.211452
964,2023-07-27,Centre-Val de Loire,12952.866912
965,2023-07-27,Hauts-de-France,25078.818498
966,2023-07-28,Centre-Val de Loire,13093.421821
967,2023-07-28,Hauts-de-France,25355.291111
968,2023-07-29,Centre-Val de Loire,13039.623865
969,2023-07-29,Hauts-de-France,25271.13772
970,2023-07-30,Centre-Val de Loire,12804.628816
971,2023-07-30,Hauts-de-France,24838.740706
972,2023-07-31,Centre-Val de Loire,12863.517392
973,2023-07-31,Hauts-de-France,24931.152359
974,2023-08-01,Centre-Val de Loire,12813.995173
975,2023-08-01,Hauts-de-France,24802.84802
976,2023-08-02,Centre-Val de Loire,12987.924025
977,2023-08-02,Hauts-de-France,25141.581169
978,2023-08-03,Centre-Val de Loire,12907.487823
979,2023-08-03,Hauts-de-France,24970.894755
980,2023-08-04,Centre-Val de Loire,12747.654253
981,2023-08-04,Hauts-de-France,24641.340693
982,2023-08-05,Centre-Val de Loire,12740.385284
983,2023-08-05,Hauts-de-France,24625.20685
984,2023-08-06,Centre-Val de Loire,12588.842848
985,2023-08-06,Hauts-de-France,24341.926772
986,2023-08-07,Centre-Val de Loire,12576.811183
987,2023-08-07,Hauts-de-France,24279.896299
988,2023-08-08,Centre-Val de Loire,12615.413655
989,2023-08-08,Hauts-de-France,24365.789635
990,2023-08-09,Centre-Val de Loire,12612.714381
991,2023-08-09,Hauts-de-France,24380.811411
992,2023-08-10,Centre-Val de Loire,12718.069048
993,2023-08-10,Hauts-de-France,24580.3938
994,2023-08-11,Centre-Val de Loire,12941.355921
995,2023-08-11,Hauts-de-France,25033.499209
996,2023-08-12,Centre-Val de Loire,12866.76704
997,2023-08-12,Hauts-de-France,24924.455484
998,2023-08-13,Centre-Val de Loire,12685.25386
999,2023-08-13,Hauts-de-France,24589.769374
1000,2023-08-14,Centre-Val de Loire,12785.222715
1001,2023-08-14,Hauts-de-France,24754.814096
1002,2023-08-15,Centre-Val de Loire,12748.9096
1003,2023-08-15,Hauts-de-France,24711.725943
1004,2023-08-16,Centre-Val de Loire,12950.443071
1005,2023-08-16,Hauts-de-France,25089.856128
1006,2023-08-17,Centre-Val de Loire,13117.370241
1007,2023-08-17,Hauts-de-France,25381.611602
1008,2023-08-18,Centre-Val de Loire,13423.105983
1009,2023-08-18,Hauts-de-France,25946.201671
1010,2023-08-19,Centre-Val de Loire,13536.871772
1011,2023-08-19,Hauts-de-France,26234.22402
1012,2023-08-20,Centre-Val de Loire,13633.615144
1013,2023-08-20,Hauts-de-France,26448.069512
1014,2023-08-21,Centre-Val de Loire,14063.333704
1015,2023-08-21,Hauts-de-France,27268.353087
1016,2023-08-22,Centre-Val de Loire,14366.319455
1017,2023-08-22,Hauts-de-France,27881.12276
1018,2023-08-23,Centre-Val de Loire,14597.709182
1019,2023-08-23,Hauts-de-France,28342.102302
1020,2023-08-24,Centre-Val de Loire,14576.757882
1021,2023-08-24,Hauts-de-France,28321.456157
1022,2023-08-25,Centre-Val de Loire,13918.410338
1023,2023-08-25,Hauts-de-France,27105.076319
1024,2023-08-26,Centre-Val de Loire,13356.471144
1025,2023-08-26,Hauts-de-France,25989.549457
1026,2023-08-27,Centre-Val de Loire,12989.195441
1027,2023-08-27,Hauts-de-France,25243.231945
1028,2023-08-28,Centre-Val de Loire,12898.245895
1029,2023-08-28,Hauts-de-France,25170.767238
1030,2023-08-29,Centre-Val de Loire,12939.066709
1031,2023-08-29,Hauts-de-France,25239.16033
1032,2023-08-30,Centre-Val de Loire,13002.843678
1033,2023-08-30,Hauts-de-France,25364.942268
1034,2023-08-31,Centre-Val de Loire,13110.678557
1035,2023-08-31,Hauts-de-France,25579.546334
1036,2023-09-01,Centre-Val de Loire,13186.300457
1037,2023-09-01,Hauts-de-France,25832.88252
1038,2023-09-02,Centre-Val de Loire,13192.399532
1039,2023-09-02,Hauts-de-France,25889.719189
1040,2023-09-03,Centre-Val de Loire,13281.953677
1041,2023-09-03,Hauts-de-France,26091.240012
1042,2023-09-04,Centre-Val de Loire,13386.946768
1043,2023-09-04,Hauts-de-France,26361.161451
1044,2023-09-05,Centre-Val de Loire,13442.469121
1045,2023-09-05,Hauts-de-France,26508.776465
1046,2023-09-06,Centre-Val de Loire,13681.110734
1047,2023-09-06,Hauts-de-France,27010.773651
1048,2023-09-07,Centre-Val de Loire,13529.809467
1049,2023-09-07,Hauts-de-France,26767.170558
1050,2023-09-08,Centre-Val de Loire,13674.326677
1051,2023-09-08,Hauts-de-France,27061.399889
1052,2023-09-09,Centre-Val de Loire,13722.099594
1053,2023-09-09,Hauts-de-France,27194.012879
1054,2023-09-10,Centre-Val de Loire,13719.664181
1055,2023-09-10,Hauts-de-France,27212.803027
1056,2023-09-11,Centre-Val de Loire,13372.801937
1057,2023-09-11,Hauts-de-France,26511.386632
1058,2023-09-12,Centre-Val de Loire,13158.374561
1059,2023-09-12,Hauts-de-France,26077.39977
1060,2023-09-13,Centre-Val de Loire,13187.871212
1061,2023-09-13,Hauts-de-France,26122.799623
1062,2023-09-14,Centre-Val de Loire,13045.813049
1063,2023-09-14,Hauts-de-France,25811.468529
1064,2023-09-15,Centre-Val de Loire,13122.767839
1065,2023-09-15,Hauts-de-France,25954.740296
1066,2023-09-16,Centre-Val de Loire,13236.950375
1067,2023-09-16,Hauts-de-France,26208.494154
1068,2023-09-17,Centre-Val de Loire,13295.384205
1069,2023-09-17,Hauts-de-France,26363.774012
1070,2023-09-18,Centre-Val de Loire,13105.522432
1071,2023-09-18,Hauts-de-France,25963.5905
1072,2023-09-19,Centre-Val de Loire,12953.059285
1073,2023-09-19,Hauts-de-France,25639.482611
1074,2023-09-20,Centre-Val de Loire,13138.761871
1075,2023-09-20,Hauts-de-France,26020.058486
1076,2023-09-21,Centre-Val de Loire,13168.042325
1077,2023-09-21,Hauts-de-France,26068.734055
1078,2023-09-22,Centre-Val de Loire,13260.884072
1079,2023-09-22,Hauts-de-France,26194.533463
1080,2023-09-23,Centre-Val de Loire,13502.275192
1081,2023-09-23,Hauts-de-France,26647.192236
1082,2023-09-24,Centre-Val de Loire,13522.930095
1083,2023-09-24,Hauts-de-France,26696.546256
1084,2023-09-25,Centre-Val de Loire,13224.575856
1085,2023-09-25,Hauts-de-France,26111.017198
1086,2023-09-26,Centre-Val de Loire,13069.762513
1087,2023-09-26,Hauts-de-France,25835.719274
1088,2023-09-27,Centre-Val de Loire,13218.011345
1089,2023-09-27,Hauts-de-France,26161.304284
1090,2023-09-28,Centre-Val de Loire,13060.425363
1091,2023-09-28,Hauts-de-France,25850.885542
1092,2023-09-29,Centre-Val de Loire,13172.266558
1093,2023-09-29,Hauts-de-France,26075.895518
1094,2023-09-30,Centre-Val de Loire,13324.844188
1095,2023-09-30,Hauts-de-France,26358.985657
1096,2023-10-01,Centre-Val de Loire,13520.387585
1097,2023-10-01,Hauts-de-France,27573.013367
1098,2023-10-02,Centre-Val de Loire,13209.132368
1099,2023-10-02,Hauts-de-France,26819.007519
1100,2023-10-03,Centre-Val de Loire,13113.049383
1101,2023-10-03,Hauts-de-France,26685.379208
1102,2023-10-04,Centre-Val de Loire,13548.909229
1103,2023-10-04,Hauts-de-France,27590.386279
1104,2023-10-05,Centre-Val de Loire,13718.061021
1105,2023-10-05,Hauts-de-France,27743.007848
1106,2023-10-06,Centre-Val de Loire,14075.601893
1107,2023-10-06,Hauts-de-France,27963.489584
1108,2023-10-07,Centre-Val de Loire,14312.491899
1109,2023-10-07,Hauts-de-France,28073.337931
1110,2023-10-08,Centre-Val de Loire,13992.986104
1111,2023-10-08,Hauts-de-France,27976.087601
1112,2023-10-09,Centre-Val de Loire,13459.414372
1113,2023-10-09,Hauts-de-France,27381.834304
1114,2023-10-10,Centre-Val de Loire,13333.093815
1115,2023-10-10,Hauts-de-France,27166.662715
1116,2023-10-11,Centre-Val de Loire,13477.704822
1117,2023-10-11,Hauts-de-France,27601.16322
1118,2023-10-12,Centre-Val de Loire,13322.621923
1119,2023-10-12,Hauts-de-France,27733.512519
1120,2023-10-13,Centre-Val de Loire,13405.03355
1121,2023-10-13,Hauts-de-France,27863.833343
1122,2023-10-14,Centre-Val de Loire,13764.561446
1123,2023-10-14,Hauts-de-France,29030.372801
1124,2023-10-15,Centre-Val de Loire,14597.35606
1125,2023-10-15,Hauts-de-France,31716.012537
1126,2023-10-16,Centre-Val de Loire,16011.822005
1127,2023-10-16,Hauts-de-France,35063.010114
1128,2023-10-17,Centre-Val de Loire,16555.67589
1129,2023-10-17,Hauts-de-France,35739.718475
1130,2023-10-18,Centre-Val de Loire,15605.209188
1131,2023-10-18,Hauts-de-France,35954.995281
1132,2023-10-19,Centre-Val de Loire,14710.928932
1133,2023-10-19,Hauts-de-France,31764.90619
1134,2023-10-20,Centre-Val de Loire,14979.714077
1135,2023-10-20,Hauts-de-France,31391.243425
1136,2023-10-21,Centre-Val de Loire,16072.12901
1137,2023-10-21,Hauts-de-France,33926.29977
1138,2023-10-22,Centre-Val de Loire,16450.640403
1139,2023-10-22,Hauts-de-France,34061.695799
1140,2023-10-23,Centre-Val de Loire,18150.057256
1141,2023-10-23,Hauts-de-France,37146.719847
1142,2023-10-24,Centre-Val de Loire,17334.794057
1143,2023-10-24,Hauts-de-France,35686.705886
1144,2023-10-25,Centre-Val de Loire,17318.645999
1145,2023-10-25,Hauts-de-France,36599.783858
1146,2023-10-26,Centre-Val de Loire,17503.257525
1147,2023-10-26,Hauts-de-France,36965.726696
1148,2023-10-27,Centre-Val de Loire,18476.166984
1149,2023-10-27,Hauts-de-France,36337.833293
1150,2023-10-28,Centre-Val de Loire,19234.941521
1151,2023-10-28,Hauts-de-France,36853.740226
1152,2023-10-29,Centre-Val de Loire,19128.579367
1153,2023-10-29,Hauts-de-France,38034.03021
1154,2023-10-30,Centre-Val de Loire,19165.209905
1155,2023-10-30,Hauts-de-France,38355.373567
1156,2023-10-31,Centre-Val de Loire,19058.939398
1157,2023-10-31,Hauts-de-France,38470.774857
1158,2023-11-01,Centre-Val de Loire,19241.213897
1159,2023-11-01,Hauts-de-France,38632.376093
1160,2023-11-02,Centre-Val de Loire,20395.095728
1161,2023-11-02,Hauts-de-France,40865.26337
1162,2023-11-03,Centre-Val de Loire,22327.314106
1163,2023-11-03,Hauts-de-France,44318.181237
1164,2023-11-04,Centre-Val de Loire,22674.792963
1165,2023-11-04,Hauts-de-France,44983.206554
1166,2023-11-05,Centre-Val de Loire,21822.096045
1167,2023-11-05,Hauts-de-France,43372.957971
1168,2023-11-06,Centre-Val de Loire,21965.203767
1169,2023-11-06,Hauts-de-France,43571.986715
1170,2023-11-07,Centre-Val de Loire,22575.543831
1171,2023-11-07,Hauts-de-France,44674.410577
1172,2023-11-08,Centre-Val de Loire,23229.175981
1173,2023-11-08,Hauts-de-France,45927.606675
1174,2023-11-09,Centre-Val de Loire,23133.006452
1175,2023-11-09,Hauts-de-France,45667.363233
1176,2023-11-10,Centre-Val de Loire,23993.604497
1177,2023-11-10,Hauts-de-France,47216.139916
1178,2023-11-11,Centre-Val de Loire,24424.11776
1179,2023-11-11,Hauts-de-France,47908.6184
1180,2023-11-12,Centre-Val de Loire,23610.282773
1181,2023-11-12,Hauts-de-France,46481.990617
1182,2023-11-13,Centre-Val de Loire,20987.190041
1183,2023-11-13,Hauts-de-France,41559.805964
1184,2023-11-14,Centre-Val de Loire,20470.710983
1185,2023-11-14,Hauts-de-France,40563.373222
1186,2023-11-15,Centre-Val de Loire,21146.33558
1187,2023-11-15,Hauts-de-France,41678.542281
1188,2023-11-16,Centre-Val de Loire,22570.32537
1189,2023-11-16,Hauts-de-France,44267.140845
1190,2023-11-17,Centre-Val de Loire,22911.22949
1191,2023-11-17,Hauts-de-France,44787.195647
1192,2023-11-18,Centre-Val de Loire,23287.640526
1193,2023-11-18,Hauts-de-France,45433.274495
1194,2023-11-19,Centre-Val de Loire,21622.350665
1195,2023-11-19,Hauts-de-France,42275.73263
1196,2023-11-20,Centre-Val de Loire,22127.704011
1197,2023-11-20,Hauts-de-France,43113.503091
1198,2023-11-21,Centre-Val de Loire,22707.974501
1199,2023-11-21,Hauts-de-France,44054.975278
1200,2023-11-22,Centre-Val de Loire,24148.513508
1201,2023-11-22,Hauts-de-France,46503.677842
1202,2023-11-23,Centre-Val de Loire,25644.701456
1203,2023-11-23,Hauts-de-France,48941.795708
1204,2023-11-24,Centre-Val de Loire,25329.746977
1205,2023-11-24,Hauts-de-France,48446.624452
1206,2023-11-25,Centre-Val de Loire,28253.866129
1207,2023-11-25,Hauts-de-France,53480.049634
1208,2023-11-26,Centre-Val de Loire,30619.592185
1209,2023-11-26,Hauts-de-France,57635.269676
1210,2023-11-27,Centre-Val de Loire,29948.091877
1211,2023-11-27,Hauts-de-France,56386.216258
1212,2023-11-28,Centre-Val de Loire,28656.987345
1213,2023-11-28,Hauts-de-France,53949.451866
1214,2023-11-29,Centre-Val de Loire,30258.468101
1215,2023-11-29,Hauts-de-France,56801.497318
1216,2023-11-30,Centre-Val de Loire,29532.449784
1217,2023-11-30,Hauts-de-France,55503.40768
1218,2023-12-01,Centre-Val de Loire,30099.444688
1219,2023-12-01,Hauts-de-France,56491.476437
1220,2023-12-02,Centre-Val de Loire,33879.433149
1221,2023-12-02,Hauts-de-France,62987.847566
1222,2023-12-03,Centre-Val de Loire,35563.62543
1223,2023-12-03,Hauts-de-France,65967.869446
1224,2023-12-04,Centre-Val de Loire,32748.445025
1225,2023-12-04,Hauts-de-France,60931.927478
1226,2023-12-05,Centre-Val de Loire,30594.034717
1227,2023-12-05,Hauts-de-France,56920.015774
1228,2023-12-06,Centre-Val de Loire,31223.496793
1229,2023-12-06,Hauts-de-France,57908.606764
1230,2023-12-07,Centre-Val de Loire,32477.432412
1231,2023-12-07,Hauts-de-France,60156.098885
1232,2023-12-08,Centre-Val de Loire,29101.179106
1233,2023-12-08,Hauts-de-France,54295.547903
1234,2023-12-09,Centre-Val de Loire,28648.783065
1235,2023-12-09,Hauts-de-France,53500.652818
1236,2023-12-10,Centre-Val de Loire,26973.648607
1237,2023-12-10,Hauts-de-France,50534.721171
1238,2023-12-11,Centre-Val de Loire,24842.299738
1239,2023-12-11,Hauts-de-France,46840.200382
1240,2023-12-12,Centre-Val de Loire,24205.500387
1241,2023-12-12,Hauts-de-France,45711.253864
1242,2023-12-13,Centre-Val de Loire,25955.077527
1243,2023-12-13,Hauts-de-France,48760.460573
1244,2023-12-14,Centre-Val de Loire,27720.838412
1245,2023-12-14,Hauts-de-France,51766.0378
1246,2023-12-15,Centre-Val de Loire,27428.594458
1247,2023-12-15,Hauts-de-France,51189.571028
1248,2023-12-16,Centre-Val de Loire,29451.697753
1249,2023-12-16,Hauts-de-France,54595.315825
1250,2023-12-17,Centre-Val de Loire,32033.110333
1251,2023-12-17,Hauts-de-France,59141.695149
1252,2023-12-18,Centre-Val de Loire,32853.814389
1253,2023-12-18,Hauts-de-France,60574.713039
1254,2023-12-19,Centre-Val de Loire,32202.840101
1255,2023-12-19,Hauts-de-France,59463.847835
1256,2023-12-20,Centre-Val de Loire,30426.719901
1257,2023-12-20,Hauts-de-France,56506.478375
1258,2023-12-21,Centre-Val de Loire,28725.869263
1259,2023-12-21,Hauts-de-France,53472.172601
1260,2023-12-22,Centre-Val de Loire,27387.40531
1261,2023-12-22,Hauts-de-France,51108.596119
1262,2023-12-23,Centre-Val de Loire,27154.702966
1263,2023-12-23,Hauts-de-France,50602.754045
1264,2023-12-24,Centre-Val de Loire,26843.178215
1265,2023-12-24,Hauts-de-France,50047.700935
1266,2023-12-25,Centre-Val de Loire,25966.328063
1267,2023-12-25,Hauts-de-France,48295.698152
1268,2023-12-26,Centre-Val de Loire,26980.390164
1269,2023-12-26,Hauts-de-France,50203.218134
1270,2023-12-27,Centre-Val de Loire,28048.470693
1271,2023-12-27,Hauts-de-France,52100.392607
1272,2023-12-28,Centre-Val de Loire,27512.128078
1273,2023-12-28,Hauts-de-France,51212.924165
1274,2023-12-29,Centre-Val de Loire,26712.021538
1275,2023-12-29,Hauts-de-France,49801.629148
1276,2023-12-30,Centre-Val de Loire,26492.4781
1277,2023-12-30,Hauts-de-France,49390.007029
1278,2023-12-31,Centre-Val de Loire,27734.00026
1279,2023-12-31,Hauts-de-France,51607.749168
1280,2024-01-01,Centre-Val de Loire,27401.645125
1281,2024-01-01,Hauts-de-France,50482.683158
1282,2024-01-02,Centre-Val de Loire,27164.960773
1283,2024-01-02,Hauts-de-France,48545.408676
1284,2024-01-03,Centre-Val de Loire,26059.66765
1285,2024-01-03,Hauts-de-France,48162.089456
1286,2024-01-04,Centre-Val de Loire,26583.638295
1287,2024-01-04,Hauts-de-France,48281.165405
1288,2024-01-05,Centre-Val de Loire,27527.692782
1289,2024-01-05,Hauts-de-France,51191.842627
1290,2024-01-06,Centre-Val de Loire,30569.893812
1291,2024-01-06,Hauts-de-France,54166.891772
1292,2024-01-07,Centre-Val de Loire,33365.004627
1293,2024-01-07,Hauts-de-France,60883.810433
1294,2024-01-08,Centre-Val de Loire,38299.015862
1295,2024-01-08,Hauts-de-France,70102.786216
1296,2024-01-09,Centre-Val de Loire,41056.642159
1297,2024-01-09,Hauts-de-France,73733.697549
1298,2024-01-10,Centre-Val de Loire,41705.051748
1299,2024-01-10,Hauts-de-France,76215.90617
1300,2024-01-11,Centre-Val de Loire,40377.076568
1301,2024-01-11,Hauts-de-France,74224.927144
1302,2024-01-12,Centre-Val de Loire,41259.793532
1303,2024-01-12,Hauts-de-France,67118.536126
1304,2024-01-13,Centre-Val de Loire,43477.610978
1305,2024-01-13,Hauts-de-France,66835.232482
1306,2024-01-14,Centre-Val de Loire,43238.928733
1307,2024-01-14,Hauts-de-France,69567.762851
1308,2024-01-15,Centre-Val de Loire,39672.66679
1309,2024-01-15,Hauts-de-France,65789.403566
1310,2024-01-16,Centre-Val de Loire,42142.103318
1311,2024-01-16,Hauts-de-France,68568.777135
1312,2024-01-17,Centre-Val de Loire,34202.775885
1313,2024-01-17,Hauts-de-France,71397.917537
1314,2024-01-18,Centre-Val de Loire,34037.435334
1315,2024-01-18,Hauts-de-France,68947.27268
1316,2024-01-19,Centre-Val de Loire,40185.545993
1317,2024-01-19,Hauts-de-France,71585.639945
1318,2024-01-20,Centre-Val de Loire,42374.008947
1319,2024-01-20,Hauts-de-France,75001.889173
1320,2024-01-21,Centre-Val de Loire,39550.262186
1321,2024-01-21,Hauts-de-France,71500.366927
1322,2024-01-22,Centre-Val de Loire,30950.496394
1323,2024-01-22,Hauts-de-France,56137.992575
1324,2024-01-23,Centre-Val de Loire,29061.90648
1325,2024-01-23,Hauts-de-France,54904.869888
1326,2024-01-24,Centre-Val de Loire,24769.855741
1327,2024-01-24,Hauts-de-France,48485.364499
1328,2024-01-25,Centre-Val de Loire,23278.412556
1329,2024-01-25,Hauts-de-France,48240.481335
1330,2024-01-26,Centre-Val de Loire,24529.30606
1331,2024-01-26,Hauts-de-France,46985.929193
1332,2024-01-27,Centre-Val de Loire,29930.665045
1333,2024-01-27,Hauts-de-France,56212.431133
1334,2024-01-28,Centre-Val de Loire,30755.468441
1335,2024-01-28,Hauts-de-France,58071.789884
1336,2024-01-29,Centre-Val de Loire,27898.844647
1337,2024-01-29,Hauts-de-France,53138.965399
1338,2024-01-30,Centre-Val de Loire,25624.08475
1339,2024-01-30,Hauts-de-France,49349.505338
1340,2024-01-31,Centre-Val de Loire,25688.973743
1341,2024-01-31,Hauts-de-France,51041.408233
1342,2024-02-01,Centre-Val de Loire,25565.594468
1343,2024-02-01,Hauts-de-France,48650.511637
1344,2024-02-02,Centre-Val de Loire,26430.289065
1345,2024-02-02,Hauts-de-France,53228.286839
1346,2024-02-03,Centre-Val de Loire,27645.977968
1347,2024-02-03,Hauts-de-France,48935.282308
1348,2024-02-04,Centre-Val de Loire,27105.201592
1349,2024-02-04,Hauts-de-France,47873.986603
1350,2024-02-05,Centre-Val de Loire,27666.64965
1351,2024-02-05,Hauts-de-France,48522.938952
1352,2024-02-06,Centre-Val de Loire,27013.699635
1353,2024-02-06,Hauts-de-France,47520.061607
1354,2024-02-07,Centre-Val de Loire,25943.281366
1355,2024-02-07,Hauts-de-France,47988.518408
1356,2024-02-08,Centre-Val de Loire,23858.309143
1357,2024-02-08,Hauts-de-France,47591.214112
1358,2024-02-09,Centre-Val de Loire,24065.102433
1359,2024-02-09,Hauts-de-France,44500.345892
1360,2024-02-10,Centre-Val de Loire,26102.384689
1361,2024-02-10,Hauts-de-France,44981.903671
1362,2024-02-11,Centre-Val de Loire,26974.581235
1363,2024-02-11,Hauts-de-France,46709.380597
1364,2024-02-12,Centre-Val de Loire,27494.876542
1365,2024-02-12,Hauts-de-France,47723.005794
1366,2024-02-13,Centre-Val de Loire,28451.168372
1367,2024-02-13,Hauts-de-France,51332.302589
1368,2024-02-14,Centre-Val de Loire,23689.846136
1369,2024-02-14,Hauts-de-France,46603.390862
1370,2024-02-15,Centre-Val de Loire,21465.700595
1371,2024-02-15,Hauts-de-France,40807.653786
1372,2024-02-16,Centre-Val de Loire,21480.589861
1373,2024-02-16,Hauts-de-France,40565.959703
1374,2024-02-17,Centre-Val de Loire,22734.207455
1375,2024-02-17,Hauts-de-France,42065.870774
1376,2024-02-18,Centre-Val de Loire,25313.832411
1377,2024-02-18,Hauts-de-France,44757.343088
1378,2024-02-19,Centre-Val de Loire,24008.953533
1379,2024-02-19,Hauts-de-France,44818.542911
1380,2024-02-20,Centre-Val de Loire,25304.755817
1381,2024-02-20,Hauts-de-France,46782.91361
1382,2024-02-21,Centre-Val de Loire,26748.404678
1383,2024-02-21,Hauts-de-France,47785.834121
1384,2024-02-22,Centre-Val de Loire,25354.576928
1385,2024-02-22,Hauts-de-France,45736.641859
1386,2024-02-23,Centre-Val de Loire,28965.10766
1387,2024-02-23,Hauts-de-France,51522.801811
1388,2024-02-24,Centre-Val de Loire,30316.216472
1389,2024-02-24,Hauts-de-France,52727.776493
1390,2024-02-25,Centre-Val de Loire,29383.447452
1391,2024-02-25,Hauts-de-France,52019.298439
1392,2024-02-26,Centre-Val de Loire,27097.202781
1393,2024-02-26,Hauts-de-France,53162.091668
1394,2024-02-27,Centre-Val de Loire,29036.850744
1395,2024-02-27,Hauts-de-France,51228.770735
1396,2024-02-28,Centre-Val de Loire,28954.695399
1397,2024-02-28,Hauts-de-France,50924.571044
1398,2024-02-29,Centre-Val de Loire,26886.416971
1399,2024-02-29,Hauts-de-France,48235.77746
1400,2024-03-01,Centre-Val de Loire,27280.123795
1401,2024-03-01,Hauts-de-France,49536.223731
1402,2024-03-02,Centre-Val de Loire,27749.480355
1403,2024-03-02,Hauts-de-France,50335.936566
1404,2024-03-03,Centre-Val de Loire,28367.891949
1405,2024-03-03,Hauts-de-France,51393.607594
1406,2024-03-04,Centre-Val de Loire,28398.596458
1407,2024-03-04,Hauts-de-France,51336.684101
1408,2024-03-05,Centre-Val de Loire,27214.122113
1409,2024-03-05,Hauts-de-France,49419.405035
1410,2024-03-06,Centre-Val de Loire,27206.541951
1411,2024-03-06,Hauts-de-France,49433.151064
1412,2024-03-07,Centre-Val de Loire,26539.370526
1413,2024-03-07,Hauts-de-France,48329.404245
1414,2024-03-08,Centre-Val de Loire,26633.477546
1415,2024-03-08,Hauts-de-France,48615.379402
1416,2024-03-09,Centre-Val de Loire,26655.973874
1417,2024-03-09,Hauts-de-France,48700.361836
1418,2024-03-10,Centre-Val de Loire,26290.142176
1419,2024-03-10,Hauts-de-France,48211.056507
1420,2024-03-11,Centre-Val de Loire,25729.519815
1421,2024-03-11,Hauts-de-France,47314.072419
1422,2024-03-12,Centre-Val de Loire,24892.921427
1423,2024-03-12,Hauts-de-France,46035.870304
1424,2024-03-13,Centre-Val de Loire,22870.231221
1425,2024-03-13,Hauts-de-France,42615.631783
1426,2024-03-14,Centre-Val de Loire,21542.648118
1427,2024-03-14,Hauts-de-France,40291.008195
1428,2024-03-15,Centre-Val de Loire,20457.748702
1429,2024-03-15,Hauts-de-France,38548.409566
1430,2024-03-16,Centre-Val de Loire,20440.577991
1431,2024-03-16,Hauts-de-France,38651.237885
1432,2024-03-17,Centre-Val de Loire,20452.563154
1433,2024-03-17,Hauts-de-France,38781.643001
1434,2024-03-18,Centre-Val de Loire,19113.815261
1435,2024-03-18,Hauts-de-France,36437.616901
1436,2024-03-19,Centre-Val de Loire,18838.743029
1437,2024-03-19,Hauts-de-France,35950.451363
1438,2024-03-20,Centre-Val de Loire,18632.725414
1439,2024-03-20,Hauts-de-France,35651.217281
1440,2024-03-21,Centre-Val de Loire,17846.585477
1441,2024-03-21,Hauts-de-France,34295.363893
1442,2024-03-22,Centre-Val de Loire,17822.487623
1443,2024-03-22,Hauts-de-France,34301.913962
1444,2024-03-23,Centre-Val de Loire,20101.44012
1445,2024-03-23,Hauts-de-France,38365.86712
1446,2024-03-24,Centre-Val de Loire,22043.024132
1447,2024-03-24,Hauts-de-France,41688.257049
1448,2024-03-25,Centre-Val de Loire,22556.847854
1449,2024-03-25,Hauts-de-France,42464.040191
1450,2024-03-26,Centre-Val de Loire,22773.825705
1451,2024-03-26,Hauts-de-France,42895.960255
1452,2024-03-27,Centre-Val de Loire,23909.340411
1453,2024-03-27,Hauts-de-France,44863.27261
1454,2024-03-28,Centre-Val de Loire,23512.622061
1455,2024-03-28,Hauts-de-France,44097.530672
1456,2024-03-29,Centre-Val de Loire,22184.010791
1457,2024-03-29,Hauts-de-France,41741.399716
1458,2024-03-30,Centre-Val de Loire,22286.031502
1459,2024-03-30,Hauts-de-France,41958.205828
1460,2024-03-31,Centre-Val de Loire,21038.071015
1461,2024-03-31,Hauts-de-France,39622.031789
